"label","type","seq","obsolete","suspect","uid","title","subject","specification","comments","source","displayId","category","acceptanceCriterion","validationMethod","userNeed"
"Requirement","Stakeholder",0,False,False,,"fv0076","fv0002","fv0128","fv0180","fv0232","301","fv0031","fv0284","fv0042","fv0068"
"Requirement","Stakeholder",1,False,False,,"fv0077","fv0002","fv0129","fv0181","fv0233","302","fv0031","fv0285","fv0042","fv0068"
"Requirement","Stakeholder",2,False,False,,"fv0078","fv0002","fv0130","fv0182","fv0234","303","fv0035","fv0286","fv0044","fv0068"
"Requirement","Stakeholder",3,False,False,,"fv0079","fv0002","fv0131","fv0183","fv0235","308","fv0029","fv0287","fv0042","fv0068"
"Requirement","Stakeholder",4,False,False,,"fv0080","fv0008","fv0132","fv0184","fv0236","305","fv0031","fv0288","fv0042","fv0068"
"Requirement","Stakeholder",5,False,False,,"fv0081","fv0008","fv0133","fv0185","fv0237","339","fv0031","fv0289","fv0043","fv0069"
"Requirement","Stakeholder",6,False,False,,"fv0082","fv0008","fv0134","fv0186","fv0238","345","fv0031","fv0290","fv0042","fv0068"
"Requirement","Stakeholder",7,False,False,,"fv0083","fv0008","fv0135","fv0187","fv0239","309","fv0033","fv0291","fv0045","fv0068"
"Requirement","Stakeholder",8,False,False,,"fv0084","fv0008","fv0136","fv0188","fv0240","311","fv0033","fv0292","fv0042","fv0068"
"Requirement","Stakeholder",9,False,False,,"fv0085","fv0008","fv0137","fv0189","fv0241","313","fv0033","fv0293","fv0042","fv0069"
"Requirement","Stakeholder",10,False,False,,"fv0086","fv0008","fv0138","fv0190","fv0242","306","fv0041","fv0294","fv0044","fv0069"
"Requirement","Stakeholder",11,False,False,,"fv0087","fv0008","fv0139","fv0191","fv0243","307","fv0041","fv0295","fv0042","fv0068"
"Requirement","Stakeholder",12,False,False,,"fv0088","fv0008","fv0140","fv0192","fv0244","346","fv0041","fv0296","fv0042","fv0069"
"Requirement","Stakeholder",13,False,False,,"fv0089","fv0008","fv0141","fv0193","fv0245","347","fv0041","fv0297","fv0045","fv0068"
"Requirement","Stakeholder",14,False,False,,"fv0090","fv0008","fv0142","fv0194","fv0246","348","fv0041","fv0298","fv0042","fv0068"
"Requirement","Stakeholder",15,False,False,,"fv0091","fv0008","fv0143","fv0195","fv0247","349","fv0041","fv0299","fv0042","fv0069"
"Requirement","Stakeholder",16,False,False,,"fv0092","fv0008","fv0144","fv0196","fv0248","350","fv0041","fv0300","fv0044","fv0068"
"Requirement","Stakeholder",17,False,False,,"fv0093","fv0008","fv0145","fv0197","fv0249","351","fv0041","fv0301","fv0042","fv0068"
"Requirement","Stakeholder",18,False,False,,"fv0094","fv0008","fv0146","fv0198","fv0250","352","fv0041","fv0302","fv0042","fv0068"
"Requirement","Stakeholder",19,False,False,,"fv0095","fv0008","fv0147","fv0199","fv0251","325","fv0038","fv0303","fv0042","fv0068"
"Requirement","Stakeholder",20,False,False,,"fv0096","fv0008","fv0148","fv0200","fv0252","326","fv0038","fv0304","fv0042","fv0068"
"Requirement","Stakeholder",21,False,False,,"fv0097","fv0008","fv0149","fv0201","fv0253","331","fv0034","fv0305","fv0042","fv0068"
"Requirement","Stakeholder",22,False,False,,"fv0098","fv0008","fv0150","fv0202","fv0254","334","fv0034","fv0306","fv0045","fv0068"
"Requirement","Stakeholder",23,False,False,,"fv0099","fv0008","fv0151","fv0203","fv0255","337","fv0034","fv0307","fv0042","fv0068"
"Requirement","Stakeholder",24,False,False,,"fv0100","fv0006","fv0152","fv0204","fv0256","341","fv0031","fv0308","fv0042","fv0069"
"Requirement","Stakeholder",25,False,False,,"fv0101","fv0006","fv0153","fv0205","fv0257","343","fv0031","fv0309","fv0042","fv0068"
"Requirement","Stakeholder",26,False,False,,"fv0102","fv0006","fv0154","fv0206","fv0258","329","fv0035","fv0310","fv0042","fv0068"
"Requirement","Stakeholder",27,False,False,,"fv0103","fv0006","fv0155","fv0207","fv0259","304","fv0033","fv0311","fv0043","fv0068"
"Requirement","Stakeholder",28,False,False,,"fv0104","fv0006","fv0156","fv0208","fv0260","310","fv0033","fv0312","fv0045","fv0069"
"Requirement","Stakeholder",29,False,False,,"fv0105","fv0006","fv0157","fv0209","fv0261","312","fv0033","fv0313","fv0044","fv0068"
"Requirement","Stakeholder",30,False,False,,"fv0106","fv0006","fv0158","fv0210","fv0262","314","fv0033","fv0314","fv0042","fv0068"
"Requirement","Stakeholder",31,False,False,,"fv0107","fv0006","fv0159","fv0211","fv0263","315","fv0033","fv0315","fv0042","fv0068"
"Requirement","Stakeholder",32,False,False,,"fv0108","fv0006","fv0160","fv0212","fv0264","316","fv0033","fv0316","fv0043","fv0069"
"Requirement","Stakeholder",33,False,False,,"fv0109","fv0006","fv0161","fv0213","fv0265","317","fv0033","fv0317","fv0042","fv0068"
"Requirement","Stakeholder",34,False,False,,"fv0110","fv0006","fv0162","fv0214","fv0266","318","fv0033","fv0318","fv0042","fv0069"
"Requirement","Stakeholder",35,False,False,,"fv0111","fv0006","fv0163","fv0215","fv0267","319","fv0033","fv0319","fv0042","fv0068"
"Requirement","Stakeholder",36,False,False,,"fv0112","fv0006","fv0164","fv0216","fv0268","320","fv0033","fv0320","fv0045","fv0068"
"Requirement","Stakeholder",37,False,False,,"fv0113","fv0006","fv0165","fv0217","fv0269","321","fv0038","fv0321","fv0042","fv0068"
"Requirement","Stakeholder",38,False,False,,"fv0114","fv0006","fv0166","fv0218","fv0270","322","fv0038","fv0322","fv0042","fv0068"
"Requirement","Stakeholder",39,False,False,,"fv0115","fv0006","fv0167","fv0219","fv0271","324","fv0038","fv0323","fv0042","fv0069"
"Requirement","Stakeholder",40,False,False,,"fv0116","fv0006","fv0168","fv0220","fv0272","328","fv0038","fv0324","fv0043","fv0069"
"Requirement","Stakeholder",41,False,False,,"fv0117","fv0006","fv0169","fv0221","fv0273","335","fv0034","fv0325","fv0042","fv0069"
"Requirement","Stakeholder",42,False,False,,"fv0118","fv0005","fv0170","fv0222","fv0274","332","fv0034","fv0326","fv0042","fv0068"
"Requirement","Stakeholder",43,False,False,,"fv0119","fv0005","fv0171","fv0223","fv0275","333","fv0034","fv0327","fv0042","fv0068"
"Requirement","Stakeholder",44,False,False,,"fv0120","fv0005","fv0172","fv0224","fv0276","336","fv0034","fv0328","fv0042","fv0068"
"Requirement","Stakeholder",45,False,False,,"fv0121","fv0005","fv0173","fv0225","fv0277","338","fv0034","fv0329","fv0044","fv0068"
"Requirement","Stakeholder",46,False,False,,"fv0122","fv0004","fv0174","fv0226","fv0278","323","fv0038","fv0330","fv0043","fv0068"
"Requirement","Stakeholder",47,False,False,,"fv0123","fv0004","fv0175","fv0227","fv0279","327","fv0038","fv0331","fv0045","fv0068"
"Requirement","Stakeholder",48,False,False,,"fv0124","fv0003","fv0176","fv0228","fv0280","340","fv0031","fv0332","fv0042","fv0068"
"Requirement","Stakeholder",49,False,False,,"fv0125","fv0003","fv0177","fv0229","fv0281","342","fv0031","fv0333","fv0042","fv0069"
"Requirement","Stakeholder",50,False,False,,"fv0126","fv0003","fv0178","fv0230","fv0282","344","fv0031","fv0334","fv0042","fv0068"
"Requirement","Stakeholder",51,False,False,,"fv0127","fv0003","fv0179","fv0231","fv0283","330","fv0035","fv0335","fv0042","fv0068"
