"labels","type","seq","obsolete","suspect","uid","title","subject","specification","comments","source","displayId","category","verificationMethod","riskControl"
"Requirement|REQ","Technical",0,False,False,,"fv0336","fv0009","fv0717","fv1098","fv1479","360","fv0029","fv0066","fv0071"
"Requirement|REQ","Technical",1,False,False,,"fv0337","fv0009","fv0718","fv1099","fv1480","361","fv0029","fv0064","fv0070"
"Requirement|REQ","Technical",2,False,False,,"fv0338","fv0009","fv0719","fv1100","fv1481","362","fv0029","fv0045","fv0070"
"Requirement|REQ","Technical",3,False,False,,"fv0339","fv0009","fv0720","fv1101","fv1482","586","fv0029","fv0067","fv0070"
"Requirement|REQ","Technical",4,False,False,,"fv0340","fv0009","fv0721","fv1102","fv1483","591","fv0029","fv0066","fv0071"
"Requirement|REQ","Technical",5,False,False,,"fv0341","fv0009","fv0722","fv1103","fv1484","593","fv0029","fv0064","fv0070"
"Requirement|REQ","Technical",6,False,False,,"fv0342","fv0009","fv0723","fv1104","fv1485","594","fv0029","fv0066","fv0071"
"Requirement|REQ","Technical",7,False,False,,"fv0343","fv0009","fv0724","fv1105","fv1486","595","fv0029","fv0064","fv0070"
"Requirement|REQ","Technical",8,False,False,,"fv0344","fv0009","fv0725","fv1106","fv1487","643","fv0029","fv0045","fv0071"
"Requirement|REQ","Technical",9,False,False,,"fv0345","fv0009","fv0726","fv1107","fv1488","644","fv0029","fv0064","fv0070"
"Requirement|REQ","Technical",10,False,False,,"fv0346","fv0009","fv0727","fv1108","fv1489","732","fv0029","fv0064","fv0071"
"Requirement|REQ","Technical",11,False,False,,"fv0347","fv0009","fv0728","fv1109","fv1490","353","fv0037","fv0064","fv0070"
"Requirement|REQ","Technical",12,False,False,,"fv0348","fv0009","fv0729","fv1110","fv1491","354","fv0037","fv0064","fv0070"
"Requirement|REQ","Technical",13,False,False,,"fv0349","fv0009","fv0730","fv1111","fv1492","355","fv0037","fv0067","fv0071"
"Requirement|REQ","Technical",14,False,False,,"fv0350","fv0009","fv0731","fv1112","fv1493","356","fv0037","fv0064","fv0070"
"Requirement|REQ","Technical",15,False,False,,"fv0351","fv0009","fv0732","fv1113","fv1494","357","fv0037","fv0067","fv0070"
"Requirement|REQ","Technical",16,False,False,,"fv0352","fv0009","fv0733","fv1114","fv1495","358","fv0037","fv0065","fv0071"
"Requirement|REQ","Technical",17,False,False,,"fv0353","fv0009","fv0734","fv1115","fv1496","359","fv0037","fv0064","fv0070"
"Requirement|REQ","Technical",18,False,False,,"fv0354","fv0009","fv0735","fv1116","fv1497","385","fv0037","fv0066","fv0070"
"Requirement|REQ","Technical",19,False,False,,"fv0355","fv0009","fv0736","fv1117","fv1498","402","fv0037","fv0045","fv0071"
"Requirement|REQ","Technical",20,False,False,,"fv0356","fv0009","fv0737","fv1118","fv1499","403","fv0037","fv0066","fv0070"
"Requirement|REQ","Technical",21,False,False,,"fv0357","fv0009","fv0738","fv1119","fv1500","404","fv0037","fv0064","fv0071"
"Requirement|REQ","Technical",22,False,False,,"fv0358","fv0009","fv0739","fv1120","fv1501","405","fv0037","fv0066","fv0070"
"Requirement|REQ","Technical",23,False,False,,"fv0359","fv0009","fv0740","fv1121","fv1502","406","fv0037","fv0064","fv0070"
"Requirement|REQ","Technical",24,False,False,,"fv0360","fv0009","fv0741","fv1122","fv1503","407","fv0037","fv0064","fv0071"
"Requirement|REQ","Technical",25,False,False,,"fv0361","fv0009","fv0742","fv1123","fv1504","408","fv0037","fv0045","fv0070"
"Requirement|REQ","Technical",26,False,False,,"fv0362","fv0009","fv0743","fv1124","fv1505","409","fv0037","fv0065","fv0070"
"Requirement|REQ","Technical",27,False,False,,"fv0363","fv0009","fv0744","fv1125","fv1506","410","fv0037","fv0045","fv0071"
"Requirement|REQ","Technical",28,False,False,,"fv0364","fv0009","fv0745","fv1126","fv1507","411","fv0037","fv0065","fv0070"
"Requirement|REQ","Technical",29,False,False,,"fv0365","fv0009","fv0746","fv1127","fv1508","412","fv0037","fv0067","fv0070"
"Requirement|REQ","Technical",30,False,False,,"fv0366","fv0009","fv0747","fv1128","fv1509","413","fv0037","fv0066","fv0071"
"Requirement|REQ","Technical",31,False,False,,"fv0367","fv0009","fv0748","fv1129","fv1510","417","fv0037","fv0066","fv0071"
"Requirement|REQ","Technical",32,False,False,,"fv0368","fv0009","fv0749","fv1130","fv1511","452","fv0037","fv0065","fv0071"
"Requirement|REQ","Technical",33,False,False,,"fv0369","fv0009","fv0750","fv1131","fv1512","488","fv0037","fv0067","fv0071"
"Requirement|REQ","Technical",34,False,False,,"fv0370","fv0009","fv0751","fv1132","fv1513","507","fv0037","fv0066","fv0070"
"Requirement|REQ","Technical",35,False,False,,"fv0371","fv0009","fv0752","fv1133","fv1514","518","fv0037","fv0065","fv0070"
"Requirement|REQ","Technical",36,False,False,,"fv0372","fv0009","fv0753","fv1134","fv1515","523","fv0037","fv0045","fv0070"
"Requirement|REQ","Technical",37,False,False,,"fv0373","fv0009","fv0754","fv1135","fv1516","524","fv0037","fv0065","fv0070"
"Requirement|REQ","Technical",38,False,False,,"fv0374","fv0009","fv0755","fv1136","fv1517","525","fv0037","fv0064","fv0071"
"Requirement|REQ","Technical",39,False,False,,"fv0375","fv0009","fv0756","fv1137","fv1518","526","fv0037","fv0045","fv0070"
"Requirement|REQ","Technical",40,False,False,,"fv0376","fv0009","fv0757","fv1138","fv1519","527","fv0037","fv0066","fv0070"
"Requirement|REQ","Technical",41,False,False,,"fv0377","fv0009","fv0758","fv1139","fv1520","528","fv0037","fv0045","fv0071"
"Requirement|REQ","Technical",42,False,False,,"fv0378","fv0009","fv0759","fv1140","fv1521","529","fv0037","fv0067","fv0071"
"Requirement|REQ","Technical",43,False,False,,"fv0379","fv0009","fv0760","fv1141","fv1522","530","fv0037","fv0065","fv0070"
"Requirement|REQ","Technical",44,False,False,,"fv0380","fv0009","fv0761","fv1142","fv1523","531","fv0037","fv0045","fv0070"
"Requirement|REQ","Technical",45,False,False,,"fv0381","fv0009","fv0762","fv1143","fv1524","532","fv0037","fv0065","fv0071"
"Requirement|REQ","Technical",46,False,False,,"fv0382","fv0009","fv0763","fv1144","fv1525","533","fv0037","fv0065","fv0070"
"Requirement|REQ","Technical",47,False,False,,"fv0383","fv0009","fv0764","fv1145","fv1526","534","fv0037","fv0064","fv0070"
"Requirement|REQ","Technical",48,False,False,,"fv0384","fv0009","fv0765","fv1146","fv1527","535","fv0037","fv0066","fv0071"
"Requirement|REQ","Technical",49,False,False,,"fv0385","fv0009","fv0766","fv1147","fv1528","536","fv0037","fv0067","fv0070"
"Requirement|REQ","Technical",50,False,False,,"fv0386","fv0009","fv0767","fv1148","fv1529","537","fv0037","fv0067","fv0070"
"Requirement|REQ","Technical",51,False,False,,"fv0387","fv0009","fv0768","fv1149","fv1530","538","fv0037","fv0067","fv0070"
"Requirement|REQ","Technical",52,False,False,,"fv0388","fv0009","fv0769","fv1150","fv1531","539","fv0037","fv0064","fv0071"
"Requirement|REQ","Technical",53,False,False,,"fv0389","fv0009","fv0770","fv1151","fv1532","540","fv0037","fv0067","fv0070"
"Requirement|REQ","Technical",54,False,False,,"fv0390","fv0009","fv0771","fv1152","fv1533","541","fv0037","fv0065","fv0070"
"Requirement|REQ","Technical",55,False,False,,"fv0391","fv0009","fv0772","fv1153","fv1534","542","fv0037","fv0045","fv0071"
"Requirement|REQ","Technical",56,False,False,,"fv0392","fv0009","fv0773","fv1154","fv1535","545","fv0037","fv0064","fv0070"
"Requirement|REQ","Technical",57,False,False,,"fv0393","fv0009","fv0774","fv1155","fv1536","546","fv0037","fv0064","fv0071"
"Requirement|REQ","Technical",58,False,False,,"fv0394","fv0009","fv0775","fv1156","fv1537","547","fv0037","fv0045","fv0070"
"Requirement|REQ","Technical",59,False,False,,"fv0395","fv0009","fv0776","fv1157","fv1538","548","fv0037","fv0045","fv0071"
"Requirement|REQ","Technical",60,False,False,,"fv0396","fv0009","fv0777","fv1158","fv1539","549","fv0037","fv0067","fv0070"
"Requirement|REQ","Technical",61,False,False,,"fv0397","fv0009","fv0778","fv1159","fv1540","550","fv0037","fv0066","fv0070"
"Requirement|REQ","Technical",62,False,False,,"fv0398","fv0009","fv0779","fv1160","fv1541","552","fv0037","fv0066","fv0071"
"Requirement|REQ","Technical",63,False,False,,"fv0399","fv0009","fv0780","fv1161","fv1542","553","fv0037","fv0066","fv0070"
"Requirement|REQ","Technical",64,False,False,,"fv0400","fv0009","fv0781","fv1162","fv1543","554","fv0037","fv0066","fv0070"
"Requirement|REQ","Technical",65,False,False,,"fv0401","fv0009","fv0782","fv1163","fv1544","555","fv0037","fv0066","fv0071"
"Requirement|REQ","Technical",66,False,False,,"fv0402","fv0009","fv0783","fv1164","fv1545","559","fv0037","fv0066","fv0070"
"Requirement|REQ","Technical",67,False,False,,"fv0403","fv0009","fv0784","fv1165","fv1546","560","fv0037","fv0066","fv0070"
"Requirement|REQ","Technical",68,False,False,,"fv0404","fv0009","fv0785","fv1166","fv1547","562","fv0037","fv0065","fv0070"
"Requirement|REQ","Technical",69,False,False,,"fv0405","fv0009","fv0786","fv1167","fv1548","563","fv0037","fv0045","fv0070"
"Requirement|REQ","Technical",70,False,False,,"fv0406","fv0009","fv0787","fv1168","fv1549","564","fv0037","fv0066","fv0071"
"Requirement|REQ","Technical",71,False,False,,"fv0407","fv0009","fv0788","fv1169","fv1550","565","fv0037","fv0064","fv0070"
"Requirement|REQ","Technical",72,False,False,,"fv0408","fv0009","fv0789","fv1170","fv1551","566","fv0037","fv0066","fv0070"
"Requirement|REQ","Technical",73,False,False,,"fv0409","fv0009","fv0790","fv1171","fv1552","569","fv0037","fv0065","fv0070"
"Requirement|REQ","Technical",74,False,False,,"fv0410","fv0009","fv0791","fv1172","fv1553","570","fv0037","fv0065","fv0070"
"Requirement|REQ","Technical",75,False,False,,"fv0411","fv0009","fv0792","fv1173","fv1554","572","fv0037","fv0045","fv0070"
"Requirement|REQ","Technical",76,False,False,,"fv0412","fv0009","fv0793","fv1174","fv1555","573","fv0037","fv0067","fv0070"
"Requirement|REQ","Technical",77,False,False,,"fv0413","fv0009","fv0794","fv1175","fv1556","574","fv0037","fv0045","fv0071"
"Requirement|REQ","Technical",78,False,False,,"fv0414","fv0009","fv0795","fv1176","fv1557","575","fv0037","fv0066","fv0070"
"Requirement|REQ","Technical",79,False,False,,"fv0415","fv0009","fv0796","fv1177","fv1558","579","fv0037","fv0067","fv0070"
"Requirement|REQ","Technical",80,False,False,,"fv0416","fv0009","fv0797","fv1178","fv1559","580","fv0037","fv0067","fv0071"
"Requirement|REQ","Technical",81,False,False,,"fv0417","fv0009","fv0798","fv1179","fv1560","581","fv0037","fv0064","fv0070"
"Requirement|REQ","Technical",82,False,False,,"fv0418","fv0009","fv0799","fv1180","fv1561","582","fv0037","fv0067","fv0070"
"Requirement|REQ","Technical",83,False,False,,"fv0419","fv0009","fv0800","fv1181","fv1562","583","fv0037","fv0067","fv0070"
"Requirement|REQ","Technical",84,False,False,,"fv0420","fv0009","fv0801","fv1182","fv1563","585","fv0037","fv0064","fv0071"
"Requirement|REQ","Technical",85,False,False,,"fv0421","fv0009","fv0802","fv1183","fv1564","599","fv0037","fv0065","fv0070"
"Requirement|REQ","Technical",86,False,False,,"fv0422","fv0009","fv0803","fv1184","fv1565","600","fv0037","fv0066","fv0071"
"Requirement|REQ","Technical",87,False,False,,"fv0423","fv0009","fv0804","fv1185","fv1566","603","fv0037","fv0066","fv0070"
"Requirement|REQ","Technical",88,False,False,,"fv0424","fv0009","fv0805","fv1186","fv1567","604","fv0037","fv0066","fv0070"
"Requirement|REQ","Technical",89,False,False,,"fv0425","fv0009","fv0806","fv1187","fv1568","607","fv0037","fv0065","fv0070"
"Requirement|REQ","Technical",90,False,False,,"fv0426","fv0009","fv0807","fv1188","fv1569","608","fv0037","fv0065","fv0071"
"Requirement|REQ","Technical",91,False,False,,"fv0427","fv0009","fv0808","fv1189","fv1570","609","fv0037","fv0065","fv0071"
"Requirement|REQ","Technical",92,False,False,,"fv0428","fv0009","fv0809","fv1190","fv1571","613","fv0037","fv0065","fv0070"
"Requirement|REQ","Technical",93,False,False,,"fv0429","fv0009","fv0810","fv1191","fv1572","616","fv0037","fv0045","fv0070"
"Requirement|REQ","Technical",94,False,False,,"fv0430","fv0009","fv0811","fv1192","fv1573","622","fv0037","fv0065","fv0071"
"Requirement|REQ","Technical",95,False,False,,"fv0431","fv0009","fv0812","fv1193","fv1574","641","fv0037","fv0064","fv0070"
"Requirement|REQ","Technical",96,False,False,,"fv0432","fv0009","fv0813","fv1194","fv1575","642","fv0037","fv0064","fv0070"
"Requirement|REQ","Technical",97,False,False,,"fv0433","fv0009","fv0814","fv1195","fv1576","646","fv0037","fv0067","fv0070"
"Requirement|REQ","Technical",98,False,False,,"fv0434","fv0009","fv0815","fv1196","fv1577","647","fv0037","fv0067","fv0071"
"Requirement|REQ","Technical",99,False,False,,"fv0435","fv0009","fv0816","fv1197","fv1578","648","fv0037","fv0067","fv0070"
"Requirement|REQ","Technical",100,False,False,,"fv0436","fv0009","fv0817","fv1198","fv1579","675","fv0037","fv0064","fv0071"
"Requirement|REQ","Technical",101,False,False,,"fv0437","fv0009","fv0818","fv1199","fv1580","676","fv0037","fv0066","fv0070"
"Requirement|REQ","Technical",102,False,False,,"fv0438","fv0009","fv0819","fv1200","fv1581","686","fv0037","fv0065","fv0070"
"Requirement|REQ","Technical",103,False,False,,"fv0439","fv0009","fv0820","fv1201","fv1582","689","fv0037","fv0045","fv0071"
"Requirement|REQ","Technical",104,False,False,,"fv0440","fv0009","fv0821","fv1202","fv1583","715","fv0037","fv0065","fv0070"
"Requirement|REQ","Technical",105,False,False,,"fv0441","fv0009","fv0822","fv1203","fv1584","386","fv0036","fv0067","fv0070"
"Requirement|REQ","Technical",106,False,False,,"fv0442","fv0009","fv0823","fv1204","fv1585","387","fv0036","fv0067","fv0071"
"Requirement|REQ","Technical",107,False,False,,"fv0443","fv0009","fv0824","fv1205","fv1586","388","fv0036","fv0066","fv0070"
"Requirement|REQ","Technical",108,False,False,,"fv0444","fv0009","fv0825","fv1206","fv1587","389","fv0036","fv0065","fv0071"
"Requirement|REQ","Technical",109,False,False,,"fv0445","fv0009","fv0826","fv1207","fv1588","390","fv0036","fv0045","fv0070"
"Requirement|REQ","Technical",110,False,False,,"fv0446","fv0009","fv0827","fv1208","fv1589","391","fv0036","fv0045","fv0070"
"Requirement|REQ","Technical",111,False,False,,"fv0447","fv0009","fv0828","fv1209","fv1590","394","fv0036","fv0065","fv0070"
"Requirement|REQ","Technical",112,False,False,,"fv0448","fv0009","fv0829","fv1210","fv1591","395","fv0036","fv0065","fv0071"
"Requirement|REQ","Technical",113,False,False,,"fv0449","fv0009","fv0830","fv1211","fv1592","396","fv0036","fv0066","fv0070"
"Requirement|REQ","Technical",114,False,False,,"fv0450","fv0009","fv0831","fv1212","fv1593","397","fv0036","fv0045","fv0071"
"Requirement|REQ","Technical",115,False,False,,"fv0451","fv0009","fv0832","fv1213","fv1594","398","fv0036","fv0064","fv0070"
"Requirement|REQ","Technical",116,False,False,,"fv0452","fv0009","fv0833","fv1214","fv1595","399","fv0036","fv0045","fv0070"
"Requirement|REQ","Technical",117,False,False,,"fv0453","fv0009","fv0834","fv1215","fv1596","400","fv0036","fv0067","fv0070"
"Requirement|REQ","Technical",118,False,False,,"fv0454","fv0009","fv0835","fv1216","fv1597","401","fv0036","fv0045","fv0070"
"Requirement|REQ","Technical",119,False,False,,"fv0455","fv0009","fv0836","fv1217","fv1598","414","fv0036","fv0065","fv0070"
"Requirement|REQ","Technical",120,False,False,,"fv0456","fv0009","fv0837","fv1218","fv1599","415","fv0036","fv0064","fv0070"
"Requirement|REQ","Technical",121,False,False,,"fv0457","fv0009","fv0838","fv1219","fv1600","416","fv0036","fv0064","fv0070"
"Requirement|REQ","Technical",122,False,False,,"fv0458","fv0009","fv0839","fv1220","fv1601","418","fv0036","fv0066","fv0070"
"Requirement|REQ","Technical",123,False,False,,"fv0459","fv0009","fv0840","fv1221","fv1602","419","fv0036","fv0045","fv0071"
"Requirement|REQ","Technical",124,False,False,,"fv0460","fv0009","fv0841","fv1222","fv1603","544","fv0036","fv0064","fv0070"
"Requirement|REQ","Technical",125,False,False,,"fv0461","fv0009","fv0842","fv1223","fv1604","578","fv0036","fv0065","fv0071"
"Requirement|REQ","Technical",126,False,False,,"fv0462","fv0009","fv0843","fv1224","fv1605","587","fv0036","fv0045","fv0070"
"Requirement|REQ","Technical",127,False,False,,"fv0463","fv0009","fv0844","fv1225","fv1606","625","fv0036","fv0066","fv0070"
"Requirement|REQ","Technical",128,False,False,,"fv0464","fv0009","fv0845","fv1226","fv1607","626","fv0036","fv0045","fv0071"
"Requirement|REQ","Technical",129,False,False,,"fv0465","fv0009","fv0846","fv1227","fv1608","627","fv0036","fv0066","fv0070"
"Requirement|REQ","Technical",130,False,False,,"fv0466","fv0009","fv0847","fv1228","fv1609","628","fv0036","fv0066","fv0071"
"Requirement|REQ","Technical",131,False,False,,"fv0467","fv0009","fv0848","fv1229","fv1610","629","fv0036","fv0067","fv0070"
"Requirement|REQ","Technical",132,False,False,,"fv0468","fv0009","fv0849","fv1230","fv1611","630","fv0036","fv0067","fv0070"
"Requirement|REQ","Technical",133,False,False,,"fv0469","fv0009","fv0850","fv1231","fv1612","631","fv0036","fv0066","fv0070"
"Requirement|REQ","Technical",134,False,False,,"fv0470","fv0009","fv0851","fv1232","fv1613","632","fv0036","fv0045","fv0070"
"Requirement|REQ","Technical",135,False,False,,"fv0471","fv0009","fv0852","fv1233","fv1614","633","fv0036","fv0065","fv0071"
"Requirement|REQ","Technical",136,False,False,,"fv0472","fv0009","fv0853","fv1234","fv1615","634","fv0036","fv0065","fv0070"
"Requirement|REQ","Technical",137,False,False,,"fv0473","fv0009","fv0854","fv1235","fv1616","636","fv0036","fv0066","fv0071"
"Requirement|REQ","Technical",138,False,False,,"fv0474","fv0009","fv0855","fv1236","fv1617","637","fv0036","fv0045","fv0071"
"Requirement|REQ","Technical",139,False,False,,"fv0475","fv0009","fv0856","fv1237","fv1618","638","fv0036","fv0045","fv0070"
"Requirement|REQ","Technical",140,False,False,,"fv0476","fv0009","fv0857","fv1238","fv1619","639","fv0036","fv0067","fv0070"
"Requirement|REQ","Technical",141,False,False,,"fv0477","fv0009","fv0858","fv1239","fv1620","640","fv0036","fv0065","fv0071"
"Requirement|REQ","Technical",142,False,False,,"fv0478","fv0009","fv0859","fv1240","fv1621","684","fv0036","fv0066","fv0070"
"Requirement|REQ","Technical",143,False,False,,"fv0479","fv0009","fv0860","fv1241","fv1622","449","fv0030","fv0064","fv0070"
"Requirement|REQ","Technical",144,False,False,,"fv0480","fv0009","fv0861","fv1242","fv1623","450","fv0030","fv0064","fv0070"
"Requirement|REQ","Technical",145,False,False,,"fv0481","fv0009","fv0862","fv1243","fv1624","612","fv0030","fv0064","fv0071"
"Requirement|REQ","Technical",146,False,False,,"fv0482","fv0009","fv0863","fv1244","fv1625","635","fv0030","fv0065","fv0070"
"Requirement|REQ","Technical",147,False,False,,"fv0483","fv0009","fv0864","fv1245","fv1626","650","fv0030","fv0064","fv0071"
"Requirement|REQ","Technical",148,False,False,,"fv0484","fv0009","fv0865","fv1246","fv1627","657","fv0030","fv0066","fv0070"
"Requirement|REQ","Technical",149,False,False,,"fv0485","fv0009","fv0866","fv1247","fv1628","658","fv0030","fv0065","fv0070"
"Requirement|REQ","Technical",150,False,False,,"fv0486","fv0009","fv0867","fv1248","fv1629","659","fv0030","fv0067","fv0070"
"Requirement|REQ","Technical",151,False,False,,"fv0487","fv0009","fv0868","fv1249","fv1630","660","fv0030","fv0064","fv0071"
"Requirement|REQ","Technical",152,False,False,,"fv0488","fv0009","fv0869","fv1250","fv1631","661","fv0030","fv0067","fv0070"
"Requirement|REQ","Technical",153,False,False,,"fv0489","fv0009","fv0870","fv1251","fv1632","662","fv0030","fv0066","fv0070"
"Requirement|REQ","Technical",154,False,False,,"fv0490","fv0009","fv0871","fv1252","fv1633","663","fv0030","fv0066","fv0071"
"Requirement|REQ","Technical",155,False,False,,"fv0491","fv0009","fv0872","fv1253","fv1634","664","fv0030","fv0066","fv0070"
"Requirement|REQ","Technical",156,False,False,,"fv0492","fv0009","fv0873","fv1254","fv1635","665","fv0030","fv0045","fv0071"
"Requirement|REQ","Technical",157,False,False,,"fv0493","fv0009","fv0874","fv1255","fv1636","666","fv0030","fv0066","fv0070"
"Requirement|REQ","Technical",158,False,False,,"fv0494","fv0009","fv0875","fv1256","fv1637","667","fv0030","fv0064","fv0070"
"Requirement|REQ","Technical",159,False,False,,"fv0495","fv0009","fv0876","fv1257","fv1638","668","fv0030","fv0065","fv0071"
"Requirement|REQ","Technical",160,False,False,,"fv0496","fv0009","fv0877","fv1258","fv1639","669","fv0030","fv0066","fv0070"
"Requirement|REQ","Technical",161,False,False,,"fv0497","fv0009","fv0878","fv1259","fv1640","670","fv0030","fv0066","fv0070"
"Requirement|REQ","Technical",162,False,False,,"fv0498","fv0009","fv0879","fv1260","fv1641","672","fv0030","fv0066","fv0071"
"Requirement|REQ","Technical",163,False,False,,"fv0499","fv0009","fv0880","fv1261","fv1642","673","fv0030","fv0066","fv0070"
"Requirement|REQ","Technical",164,False,False,,"fv0500","fv0009","fv0881","fv1262","fv1643","674","fv0030","fv0067","fv0070"
"Requirement|REQ","Technical",165,False,False,,"fv0501","fv0009","fv0882","fv1263","fv1644","731","fv0030","fv0045","fv0070"
"Requirement|REQ","Technical",166,False,False,,"fv0502","fv0009","fv0883","fv1264","fv1645","520","fv0027","fv0045","fv0070"
"Requirement|REQ","Technical",167,False,False,,"fv0503","fv0009","fv0884","fv1265","fv1646","521","fv0027","fv0065","fv0071"
"Requirement|REQ","Technical",168,False,False,,"fv0504","fv0009","fv0885","fv1266","fv1647","624","fv0027","fv0067","fv0070"
"Requirement|REQ","Technical",169,False,False,,"fv0505","fv0009","fv0886","fv1267","fv1648","649","fv0027","fv0045","fv0070"
"Requirement|REQ","Technical",170,False,False,,"fv0506","fv0009","fv0887","fv1268","fv1649","651","fv0027","fv0065","fv0070"
"Requirement|REQ","Technical",171,False,False,,"fv0507","fv0009","fv0888","fv1269","fv1650","653","fv0027","fv0066","fv0070"
"Requirement|REQ","Technical",172,False,False,,"fv0508","fv0009","fv0889","fv1270","fv1651","654","fv0027","fv0066","fv0071"
"Requirement|REQ","Technical",173,False,False,,"fv0509","fv0009","fv0890","fv1271","fv1652","619","fv0032","fv0064","fv0071"
"Requirement|REQ","Technical",174,False,False,,"fv0510","fv0009","fv0891","fv1272","fv1653","618","fv0026","fv0065","fv0070"
"Requirement|REQ","Technical",175,False,False,,"fv0511","fv0009","fv0892","fv1273","fv1654","682","fv0026","fv0045","fv0070"
"Requirement|REQ","Technical",176,False,False,,"fv0512","fv0009","fv0893","fv1274","fv1655","571","fv0028","fv0067","fv0071"
"Requirement|REQ","Technical",177,False,False,,"fv0513","fv0009","fv0894","fv1275","fv1656","679","fv0028","fv0067","fv0071"
"Requirement|REQ","Technical",178,False,False,,"fv0514","fv0009","fv0895","fv1276","fv1657","680","fv0028","fv0065","fv0070"
"Requirement|REQ","Technical",179,False,False,,"fv0515","fv0009","fv0896","fv1277","fv1658","681","fv0028","fv0065","fv0071"
"Requirement|REQ","Technical",180,False,False,,"fv0516","fv0009","fv0897","fv1278","fv1659","597","fv0039","fv0045","fv0070"
"Requirement|REQ","Technical",181,False,False,,"fv0517","fv0010","fv0898","fv1279","fv1660","363","fv0029","fv0065","fv0071"
"Requirement|REQ","Technical",182,False,False,,"fv0518","fv0010","fv0899","fv1280","fv1661","370","fv0029","fv0067","fv0070"
"Requirement|REQ","Technical",183,False,False,,"fv0519","fv0010","fv0900","fv1281","fv1662","371","fv0029","fv0064","fv0071"
"Requirement|REQ","Technical",184,False,False,,"fv0520","fv0010","fv0901","fv1282","fv1663","372","fv0029","fv0065","fv0070"
"Requirement|REQ","Technical",185,False,False,,"fv0521","fv0010","fv0902","fv1283","fv1664","373","fv0029","fv0064","fv0070"
"Requirement|REQ","Technical",186,False,False,,"fv0522","fv0010","fv0903","fv1284","fv1665","364","fv0037","fv0066","fv0070"
"Requirement|REQ","Technical",187,False,False,,"fv0523","fv0010","fv0904","fv1285","fv1666","365","fv0037","fv0066","fv0070"
"Requirement|REQ","Technical",188,False,False,,"fv0524","fv0010","fv0905","fv1286","fv1667","366","fv0037","fv0065","fv0071"
"Requirement|REQ","Technical",189,False,False,,"fv0525","fv0010","fv0906","fv1287","fv1668","367","fv0037","fv0067","fv0070"
"Requirement|REQ","Technical",190,False,False,,"fv0526","fv0010","fv0907","fv1288","fv1669","368","fv0037","fv0064","fv0070"
"Requirement|REQ","Technical",191,False,False,,"fv0527","fv0010","fv0908","fv1289","fv1670","369","fv0037","fv0045","fv0071"
"Requirement|REQ","Technical",192,False,False,,"fv0528","fv0010","fv0909","fv1290","fv1671","543","fv0037","fv0066","fv0070"
"Requirement|REQ","Technical",193,False,False,,"fv0529","fv0010","fv0910","fv1291","fv1672","592","fv0037","fv0045","fv0070"
"Requirement|REQ","Technical",194,False,False,,"fv0530","fv0010","fv0911","fv1292","fv1673","596","fv0037","fv0067","fv0070"
"Requirement|REQ","Technical",195,False,False,,"fv0531","fv0010","fv0912","fv1293","fv1674","598","fv0037","fv0065","fv0071"
"Requirement|REQ","Technical",196,False,False,,"fv0532","fv0010","fv0913","fv1294","fv1675","601","fv0037","fv0066","fv0070"
"Requirement|REQ","Technical",197,False,False,,"fv0533","fv0010","fv0914","fv1295","fv1676","605","fv0037","fv0045","fv0071"
"Requirement|REQ","Technical",198,False,False,,"fv0534","fv0010","fv0915","fv1296","fv1677","606","fv0037","fv0066","fv0070"
"Requirement|REQ","Technical",199,False,False,,"fv0535","fv0010","fv0916","fv1297","fv1678","610","fv0037","fv0066","fv0070"
"Requirement|REQ","Technical",200,False,False,,"fv0536","fv0010","fv0917","fv1298","fv1679","677","fv0037","fv0045","fv0070"
"Requirement|REQ","Technical",201,False,False,,"fv0537","fv0010","fv0918","fv1299","fv1680","678","fv0037","fv0065","fv0070"
"Requirement|REQ","Technical",202,False,False,,"fv0538","fv0010","fv0919","fv1300","fv1681","730","fv0037","fv0064","fv0070"
"Requirement|REQ","Technical",203,False,False,,"fv0539","fv0010","fv0920","fv1301","fv1682","617","fv0036","fv0067","fv0070"
"Requirement|REQ","Technical",204,False,False,,"fv0540","fv0010","fv0921","fv1302","fv1683","645","fv0036","fv0064","fv0070"
"Requirement|REQ","Technical",205,False,False,,"fv0541","fv0017","fv0922","fv1303","fv1684","380","fv0029","fv0067","fv0070"
"Requirement|REQ","Technical",206,False,False,,"fv0542","fv0017","fv0923","fv1304","fv1685","381","fv0029","fv0065","fv0071"
"Requirement|REQ","Technical",207,False,False,,"fv0543","fv0017","fv0924","fv1305","fv1686","382","fv0029","fv0065","fv0070"
"Requirement|REQ","Technical",208,False,False,,"fv0544","fv0017","fv0925","fv1306","fv1687","383","fv0029","fv0065","fv0070"
"Requirement|REQ","Technical",209,False,False,,"fv0545","fv0017","fv0926","fv1307","fv1688","374","fv0037","fv0045","fv0070"
"Requirement|REQ","Technical",210,False,False,,"fv0546","fv0017","fv0927","fv1308","fv1689","375","fv0037","fv0067","fv0070"
"Requirement|REQ","Technical",211,False,False,,"fv0547","fv0017","fv0928","fv1309","fv1690","376","fv0037","fv0045","fv0071"
"Requirement|REQ","Technical",212,False,False,,"fv0548","fv0017","fv0929","fv1310","fv1691","377","fv0037","fv0045","fv0070"
"Requirement|REQ","Technical",213,False,False,,"fv0549","fv0017","fv0930","fv1311","fv1692","378","fv0037","fv0066","fv0071"
"Requirement|REQ","Technical",214,False,False,,"fv0550","fv0017","fv0931","fv1312","fv1693","379","fv0037","fv0045","fv0070"
"Requirement|REQ","Technical",215,False,False,,"fv0551","fv0017","fv0932","fv1313","fv1694","384","fv0037","fv0067","fv0071"
"Requirement|REQ","Technical",216,False,False,,"fv0552","fv0017","fv0933","fv1314","fv1695","420","fv0037","fv0045","fv0070"
"Requirement|REQ","Technical",217,False,False,,"fv0553","fv0017","fv0934","fv1315","fv1696","434","fv0037","fv0064","fv0070"
"Requirement|REQ","Technical",218,False,False,,"fv0554","fv0017","fv0935","fv1316","fv1697","440","fv0037","fv0064","fv0071"
"Requirement|REQ","Technical",219,False,False,,"fv0555","fv0017","fv0936","fv1317","fv1698","584","fv0037","fv0066","fv0070"
"Requirement|REQ","Technical",220,False,False,,"fv0556","fv0017","fv0937","fv1318","fv1699","611","fv0037","fv0045","fv0070"
"Requirement|REQ","Technical",221,False,False,,"fv0557","fv0017","fv0938","fv1319","fv1700","620","fv0037","fv0067","fv0070"
"Requirement|REQ","Technical",222,False,False,,"fv0558","fv0017","fv0939","fv1320","fv1701","621","fv0037","fv0065","fv0070"
"Requirement|REQ","Technical",223,False,False,,"fv0559","fv0017","fv0940","fv1321","fv1702","655","fv0037","fv0065","fv0070"
"Requirement|REQ","Technical",224,False,False,,"fv0560","fv0017","fv0941","fv1322","fv1703","656","fv0037","fv0064","fv0070"
"Requirement|REQ","Technical",225,False,False,,"fv0561","fv0017","fv0942","fv1323","fv1704","685","fv0037","fv0064","fv0071"
"Requirement|REQ","Technical",226,False,False,,"fv0562","fv0017","fv0943","fv1324","fv1705","687","fv0037","fv0067","fv0070"
"Requirement|REQ","Technical",227,False,False,,"fv0563","fv0017","fv0944","fv1325","fv1706","706","fv0037","fv0065","fv0071"
"Requirement|REQ","Technical",228,False,False,,"fv0564","fv0017","fv0945","fv1326","fv1707","712","fv0037","fv0045","fv0070"
"Requirement|REQ","Technical",229,False,False,,"fv0565","fv0017","fv0946","fv1327","fv1708","713","fv0037","fv0067","fv0070"
"Requirement|REQ","Technical",230,False,False,,"fv0566","fv0017","fv0947","fv1328","fv1709","733","fv0037","fv0045","fv0071"
"Requirement|REQ","Technical",231,False,False,,"fv0567","fv0017","fv0948","fv1329","fv1710","690","fv0036","fv0067","fv0070"
"Requirement|REQ","Technical",232,False,False,,"fv0568","fv0017","fv0949","fv1330","fv1711","561","fv0026","fv0064","fv0071"
"Requirement|REQ","Technical",233,False,False,,"fv0569","fv0017","fv0950","fv1331","fv1712","683","fv0026","fv0065","fv0070"
"Requirement|REQ","Technical",234,False,False,,"fv0570","fv0016","fv0951","fv1332","fv1713","392","fv0036","fv0066","fv0070"
"Requirement|REQ","Technical",235,False,False,,"fv0571","fv0016","fv0952","fv1333","fv1714","393","fv0036","fv0045","fv0071"
"Requirement|REQ","Technical",236,False,False,,"fv0572","fv0016","fv0953","fv1334","fv1715","588","fv0036","fv0067","fv0071"
"Requirement|REQ","Technical",237,False,False,,"fv0573","fv0016","fv0954","fv1335","fv1716","589","fv0036","fv0066","fv0070"
"Requirement|REQ","Technical",238,False,False,,"fv0574","fv0016","fv0955","fv1336","fv1717","590","fv0036","fv0065","fv0070"
"Requirement|REQ","Technical",239,False,False,,"fv0575","fv0019","fv0956","fv1337","fv1718","421","fv0037","fv0066","fv0070"
"Requirement|REQ","Technical",240,False,False,,"fv0576","fv0019","fv0957","fv1338","fv1719","422","fv0037","fv0066","fv0071"
"Requirement|REQ","Technical",241,False,False,,"fv0577","fv0019","fv0958","fv1339","fv1720","423","fv0037","fv0065","fv0070"
"Requirement|REQ","Technical",242,False,False,,"fv0578","fv0019","fv0959","fv1340","fv1721","424","fv0037","fv0045","fv0070"
"Requirement|REQ","Technical",243,False,False,,"fv0579","fv0019","fv0960","fv1341","fv1722","442","fv0037","fv0067","fv0070"
"Requirement|REQ","Technical",244,False,False,,"fv0580","fv0019","fv0961","fv1342","fv1723","443","fv0037","fv0067","fv0071"
"Requirement|REQ","Technical",245,False,False,,"fv0581","fv0019","fv0962","fv1343","fv1724","444","fv0037","fv0064","fv0070"
"Requirement|REQ","Technical",246,False,False,,"fv0582","fv0019","fv0963","fv1344","fv1725","445","fv0037","fv0064","fv0070"
"Requirement|REQ","Technical",247,False,False,,"fv0583","fv0019","fv0964","fv1345","fv1726","708","fv0037","fv0064","fv0071"
"Requirement|REQ","Technical",248,False,False,,"fv0584","fv0019","fv0965","fv1346","fv1727","709","fv0037","fv0065","fv0070"
"Requirement|REQ","Technical",249,False,False,,"fv0585","fv0019","fv0966","fv1347","fv1728","710","fv0037","fv0045","fv0070"
"Requirement|REQ","Technical",250,False,False,,"fv0586","fv0019","fv0967","fv1348","fv1729","711","fv0037","fv0066","fv0071"
"Requirement|REQ","Technical",251,False,False,,"fv0587","fv0021","fv0968","fv1349","fv1730","425","fv0037","fv0045","fv0071"
"Requirement|REQ","Technical",252,False,False,,"fv0588","fv0021","fv0969","fv1350","fv1731","426","fv0037","fv0066","fv0070"
"Requirement|REQ","Technical",253,False,False,,"fv0589","fv0021","fv0970","fv1351","fv1732","427","fv0037","fv0067","fv0070"
"Requirement|REQ","Technical",254,False,False,,"fv0590","fv0021","fv0971","fv1352","fv1733","428","fv0037","fv0065","fv0071"
"Requirement|REQ","Technical",255,False,False,,"fv0591","fv0021","fv0972","fv1353","fv1734","429","fv0037","fv0064","fv0070"
"Requirement|REQ","Technical",256,False,False,,"fv0592","fv0021","fv0973","fv1354","fv1735","430","fv0037","fv0065","fv0071"
"Requirement|REQ","Technical",257,False,False,,"fv0593","fv0021","fv0974","fv1355","fv1736","431","fv0037","fv0064","fv0070"
"Requirement|REQ","Technical",258,False,False,,"fv0594","fv0021","fv0975","fv1356","fv1737","432","fv0037","fv0065","fv0070"
"Requirement|REQ","Technical",259,False,False,,"fv0595","fv0021","fv0976","fv1357","fv1738","433","fv0037","fv0066","fv0070"
"Requirement|REQ","Technical",260,False,False,,"fv0596","fv0021","fv0977","fv1358","fv1739","714","fv0037","fv0067","fv0071"
"Requirement|REQ","Technical",261,False,False,,"fv0597","fv0022","fv0978","fv1359","fv1740","435","fv0037","fv0045","fv0071"
"Requirement|REQ","Technical",262,False,False,,"fv0598","fv0022","fv0979","fv1360","fv1741","436","fv0037","fv0045","fv0070"
"Requirement|REQ","Technical",263,False,False,,"fv0599","fv0022","fv0980","fv1361","fv1742","437","fv0037","fv0064","fv0071"
"Requirement|REQ","Technical",264,False,False,,"fv0600","fv0022","fv0981","fv1362","fv1743","438","fv0037","fv0067","fv0070"
"Requirement|REQ","Technical",265,False,False,,"fv0601","fv0022","fv0982","fv1363","fv1744","439","fv0037","fv0066","fv0070"
"Requirement|REQ","Technical",266,False,False,,"fv0602","fv0022","fv0983","fv1364","fv1745","446","fv0037","fv0066","fv0071"
"Requirement|REQ","Technical",267,False,False,,"fv0603","fv0022","fv0984","fv1365","fv1746","700","fv0037","fv0066","fv0070"
"Requirement|REQ","Technical",268,False,False,,"fv0604","fv0022","fv0985","fv1366","fv1747","701","fv0037","fv0066","fv0070"
"Requirement|REQ","Technical",269,False,False,,"fv0605","fv0022","fv0986","fv1367","fv1748","702","fv0037","fv0064","fv0071"
"Requirement|REQ","Technical",270,False,False,,"fv0606","fv0022","fv0987","fv1368","fv1749","703","fv0037","fv0045","fv0070"
"Requirement|REQ","Technical",271,False,False,,"fv0607","fv0020","fv0988","fv1369","fv1750","441","fv0037","fv0067","fv0070"
"Requirement|REQ","Technical",272,False,False,,"fv0608","fv0020","fv0989","fv1370","fv1751","447","fv0037","fv0066","fv0070"
"Requirement|REQ","Technical",273,False,False,,"fv0609","fv0020","fv0990","fv1371","fv1752","448","fv0037","fv0067","fv0071"
"Requirement|REQ","Technical",274,False,False,,"fv0610","fv0020","fv0991","fv1372","fv1753","688","fv0037","fv0064","fv0071"
"Requirement|REQ","Technical",275,False,False,,"fv0611","fv0020","fv0992","fv1373","fv1754","704","fv0037","fv0045","fv0070"
"Requirement|REQ","Technical",276,False,False,,"fv0612","fv0020","fv0993","fv1374","fv1755","705","fv0037","fv0067","fv0070"
"Requirement|REQ","Technical",277,False,False,,"fv0613","fv0020","fv0994","fv1375","fv1756","707","fv0037","fv0066","fv0070"
"Requirement|REQ","Technical",278,False,False,,"fv0614","fv0018","fv0995","fv1376","fv1757","451","fv0037","fv0045","fv0070"
"Requirement|REQ","Technical",279,False,False,,"fv0615","fv0018","fv0996","fv1377","fv1758","453","fv0037","fv0045","fv0070"
"Requirement|REQ","Technical",280,False,False,,"fv0616","fv0018","fv0997","fv1378","fv1759","454","fv0037","fv0066","fv0070"
"Requirement|REQ","Technical",281,False,False,,"fv0617","fv0018","fv0998","fv1379","fv1760","455","fv0037","fv0067","fv0071"
"Requirement|REQ","Technical",282,False,False,,"fv0618","fv0018","fv0999","fv1380","fv1761","456","fv0037","fv0064","fv0070"
"Requirement|REQ","Technical",283,False,False,,"fv0619","fv0018","fv1000","fv1381","fv1762","457","fv0037","fv0067","fv0070"
"Requirement|REQ","Technical",284,False,False,,"fv0620","fv0018","fv1001","fv1382","fv1763","458","fv0037","fv0064","fv0070"
"Requirement|REQ","Technical",285,False,False,,"fv0621","fv0018","fv1002","fv1383","fv1764","459","fv0037","fv0065","fv0071"
"Requirement|REQ","Technical",286,False,False,,"fv0622","fv0018","fv1003","fv1384","fv1765","460","fv0037","fv0065","fv0070"
"Requirement|REQ","Technical",287,False,False,,"fv0623","fv0018","fv1004","fv1385","fv1766","461","fv0037","fv0045","fv0071"
"Requirement|REQ","Technical",288,False,False,,"fv0624","fv0018","fv1005","fv1386","fv1767","462","fv0037","fv0065","fv0070"
"Requirement|REQ","Technical",289,False,False,,"fv0625","fv0018","fv1006","fv1387","fv1768","463","fv0037","fv0066","fv0070"
"Requirement|REQ","Technical",290,False,False,,"fv0626","fv0018","fv1007","fv1388","fv1769","464","fv0037","fv0066","fv0070"
"Requirement|REQ","Technical",291,False,False,,"fv0627","fv0018","fv1008","fv1389","fv1770","465","fv0037","fv0064","fv0071"
"Requirement|REQ","Technical",292,False,False,,"fv0628","fv0018","fv1009","fv1390","fv1771","466","fv0037","fv0064","fv0070"
"Requirement|REQ","Technical",293,False,False,,"fv0629","fv0018","fv1010","fv1391","fv1772","467","fv0037","fv0045","fv0070"
"Requirement|REQ","Technical",294,False,False,,"fv0630","fv0018","fv1011","fv1392","fv1773","468","fv0037","fv0064","fv0071"
"Requirement|REQ","Technical",295,False,False,,"fv0631","fv0018","fv1012","fv1393","fv1774","469","fv0037","fv0064","fv0070"
"Requirement|REQ","Technical",296,False,False,,"fv0632","fv0018","fv1013","fv1394","fv1775","470","fv0037","fv0067","fv0070"
"Requirement|REQ","Technical",297,False,False,,"fv0633","fv0018","fv1014","fv1395","fv1776","471","fv0037","fv0067","fv0070"
"Requirement|REQ","Technical",298,False,False,,"fv0634","fv0018","fv1015","fv1396","fv1777","472","fv0037","fv0066","fv0071"
"Requirement|REQ","Technical",299,False,False,,"fv0635","fv0018","fv1016","fv1397","fv1778","473","fv0037","fv0045","fv0070"
"Requirement|REQ","Technical",300,False,False,,"fv0636","fv0018","fv1017","fv1398","fv1779","474","fv0037","fv0067","fv0071"
"Requirement|REQ","Technical",301,False,False,,"fv0637","fv0018","fv1018","fv1399","fv1780","623","fv0037","fv0064","fv0070"
"Requirement|REQ","Technical",302,False,False,,"fv0638","fv0018","fv1019","fv1400","fv1781","691","fv0037","fv0065","fv0070"
"Requirement|REQ","Technical",303,False,False,,"fv0639","fv0018","fv1020","fv1401","fv1782","692","fv0037","fv0064","fv0071"
"Requirement|REQ","Technical",304,False,False,,"fv0640","fv0018","fv1021","fv1402","fv1783","693","fv0037","fv0045","fv0070"
"Requirement|REQ","Technical",305,False,False,,"fv0641","fv0018","fv1022","fv1403","fv1784","694","fv0037","fv0067","fv0070"
"Requirement|REQ","Technical",306,False,False,,"fv0642","fv0018","fv1023","fv1404","fv1785","695","fv0037","fv0065","fv0071"
"Requirement|REQ","Technical",307,False,False,,"fv0643","fv0018","fv1024","fv1405","fv1786","696","fv0037","fv0065","fv0070"
"Requirement|REQ","Technical",308,False,False,,"fv0644","fv0018","fv1025","fv1406","fv1787","697","fv0037","fv0045","fv0070"
"Requirement|REQ","Technical",309,False,False,,"fv0645","fv0018","fv1026","fv1407","fv1788","698","fv0037","fv0064","fv0070"
"Requirement|REQ","Technical",310,False,False,,"fv0646","fv0018","fv1027","fv1408","fv1789","699","fv0037","fv0065","fv0071"
"Requirement|REQ","Technical",311,False,False,,"fv0647","fv0018","fv1028","fv1409","fv1790","522","fv0032","fv0065","fv0070"
"Requirement|REQ","Technical",312,False,False,,"fv0648","fv0014","fv1029","fv1410","fv1791","475","fv0037","fv0045","fv0070"
"Requirement|REQ","Technical",313,False,False,,"fv0649","fv0014","fv1030","fv1411","fv1792","476","fv0037","fv0064","fv0070"
"Requirement|REQ","Technical",314,False,False,,"fv0650","fv0014","fv1031","fv1412","fv1793","477","fv0037","fv0064","fv0070"
"Requirement|REQ","Technical",315,False,False,,"fv0651","fv0014","fv1032","fv1413","fv1794","478","fv0037","fv0045","fv0071"
"Requirement|REQ","Technical",316,False,False,,"fv0652","fv0014","fv1033","fv1414","fv1795","479","fv0037","fv0067","fv0070"
"Requirement|REQ","Technical",317,False,False,,"fv0653","fv0014","fv1034","fv1415","fv1796","480","fv0037","fv0067","fv0070"
"Requirement|REQ","Technical",318,False,False,,"fv0654","fv0014","fv1035","fv1416","fv1797","481","fv0037","fv0045","fv0071"
"Requirement|REQ","Technical",319,False,False,,"fv0655","fv0014","fv1036","fv1417","fv1798","482","fv0037","fv0066","fv0070"
"Requirement|REQ","Technical",320,False,False,,"fv0656","fv0014","fv1037","fv1418","fv1799","483","fv0037","fv0065","fv0070"
"Requirement|REQ","Technical",321,False,False,,"fv0657","fv0014","fv1038","fv1419","fv1800","484","fv0037","fv0065","fv0070"
"Requirement|REQ","Technical",322,False,False,,"fv0658","fv0014","fv1039","fv1420","fv1801","485","fv0037","fv0045","fv0071"
"Requirement|REQ","Technical",323,False,False,,"fv0659","fv0014","fv1040","fv1421","fv1802","486","fv0037","fv0064","fv0070"
"Requirement|REQ","Technical",324,False,False,,"fv0660","fv0014","fv1041","fv1422","fv1803","487","fv0037","fv0064","fv0070"
"Requirement|REQ","Technical",325,False,False,,"fv0661","fv0014","fv1042","fv1423","fv1804","489","fv0037","fv0064","fv0070"
"Requirement|REQ","Technical",326,False,False,,"fv0662","fv0014","fv1043","fv1424","fv1805","490","fv0037","fv0045","fv0070"
"Requirement|REQ","Technical",327,False,False,,"fv0663","fv0014","fv1044","fv1425","fv1806","492","fv0037","fv0064","fv0071"
"Requirement|REQ","Technical",328,False,False,,"fv0664","fv0014","fv1045","fv1426","fv1807","493","fv0037","fv0067","fv0070"
"Requirement|REQ","Technical",329,False,False,,"fv0665","fv0014","fv1046","fv1427","fv1808","503","fv0037","fv0064","fv0070"
"Requirement|REQ","Technical",330,False,False,,"fv0666","fv0014","fv1047","fv1428","fv1809","504","fv0037","fv0066","fv0070"
"Requirement|REQ","Technical",331,False,False,,"fv0667","fv0014","fv1048","fv1429","fv1810","505","fv0037","fv0067","fv0071"
"Requirement|REQ","Technical",332,False,False,,"fv0668","fv0014","fv1049","fv1430","fv1811","506","fv0037","fv0045","fv0070"
"Requirement|REQ","Technical",333,False,False,,"fv0669","fv0011","fv1050","fv1431","fv1812","491","fv0037","fv0067","fv0070"
"Requirement|REQ","Technical",334,False,False,,"fv0670","fv0011","fv1051","fv1432","fv1813","551","fv0037","fv0064","fv0070"
"Requirement|REQ","Technical",335,False,False,,"fv0671","fv0011","fv1052","fv1433","fv1814","556","fv0037","fv0064","fv0070"
"Requirement|REQ","Technical",336,False,False,,"fv0672","fv0011","fv1053","fv1434","fv1815","557","fv0037","fv0065","fv0070"
"Requirement|REQ","Technical",337,False,False,,"fv0673","fv0011","fv1054","fv1435","fv1816","558","fv0037","fv0066","fv0071"
"Requirement|REQ","Technical",338,False,False,,"fv0674","fv0011","fv1055","fv1436","fv1817","567","fv0037","fv0066","fv0071"
"Requirement|REQ","Technical",339,False,False,,"fv0675","fv0011","fv1056","fv1437","fv1818","568","fv0037","fv0045","fv0070"
"Requirement|REQ","Technical",340,False,False,,"fv0676","fv0011","fv1057","fv1438","fv1819","576","fv0037","fv0045","fv0070"
"Requirement|REQ","Technical",341,False,False,,"fv0677","fv0011","fv1058","fv1439","fv1820","577","fv0037","fv0065","fv0070"
"Requirement|REQ","Technical",342,False,False,,"fv0678","fv0011","fv1059","fv1440","fv1821","602","fv0037","fv0065","fv0070"
"Requirement|REQ","Technical",343,False,False,,"fv0679","fv0011","fv1060","fv1441","fv1822","614","fv0037","fv0064","fv0070"
"Requirement|REQ","Technical",344,False,False,,"fv0680","fv0011","fv1061","fv1442","fv1823","615","fv0037","fv0045","fv0071"
"Requirement|REQ","Technical",345,False,False,,"fv0681","fv0011","fv1062","fv1443","fv1824","652","fv0037","fv0045","fv0070"
"Requirement|REQ","Technical",346,False,False,,"fv0682","fv0013","fv1063","fv1444","fv1825","494","fv0037","fv0064","fv0071"
"Requirement|REQ","Technical",347,False,False,,"fv0683","fv0013","fv1064","fv1445","fv1826","495","fv0037","fv0065","fv0070"
"Requirement|REQ","Technical",348,False,False,,"fv0684","fv0013","fv1065","fv1446","fv1827","496","fv0037","fv0064","fv0070"
"Requirement|REQ","Technical",349,False,False,,"fv0685","fv0013","fv1066","fv1447","fv1828","497","fv0037","fv0045","fv0070"
"Requirement|REQ","Technical",350,False,False,,"fv0686","fv0013","fv1067","fv1448","fv1829","498","fv0037","fv0065","fv0071"
"Requirement|REQ","Technical",351,False,False,,"fv0687","fv0013","fv1068","fv1449","fv1830","499","fv0037","fv0065","fv0070"
"Requirement|REQ","Technical",352,False,False,,"fv0688","fv0013","fv1069","fv1450","fv1831","500","fv0037","fv0066","fv0070"
"Requirement|REQ","Technical",353,False,False,,"fv0689","fv0013","fv1070","fv1451","fv1832","501","fv0037","fv0067","fv0071"
"Requirement|REQ","Technical",354,False,False,,"fv0690","fv0013","fv1071","fv1452","fv1833","502","fv0037","fv0065","fv0070"
"Requirement|REQ","Technical",355,False,False,,"fv0691","fv0023","fv1072","fv1453","fv1834","508","fv0037","fv0065","fv0071"
"Requirement|REQ","Technical",356,False,False,,"fv0692","fv0023","fv1073","fv1454","fv1835","509","fv0037","fv0065","fv0070"
"Requirement|REQ","Technical",357,False,False,,"fv0693","fv0023","fv1074","fv1455","fv1836","510","fv0037","fv0064","fv0070"
"Requirement|REQ","Technical",358,False,False,,"fv0694","fv0023","fv1075","fv1456","fv1837","511","fv0037","fv0064","fv0070"
"Requirement|REQ","Technical",359,False,False,,"fv0695","fv0023","fv1076","fv1457","fv1838","512","fv0037","fv0045","fv0071"
"Requirement|REQ","Technical",360,False,False,,"fv0696","fv0023","fv1077","fv1458","fv1839","513","fv0037","fv0045","fv0070"
"Requirement|REQ","Technical",361,False,False,,"fv0697","fv0023","fv1078","fv1459","fv1840","514","fv0037","fv0067","fv0070"
"Requirement|REQ","Technical",362,False,False,,"fv0698","fv0023","fv1079","fv1460","fv1841","515","fv0037","fv0067","fv0071"
"Requirement|REQ","Technical",363,False,False,,"fv0699","fv0023","fv1080","fv1461","fv1842","516","fv0037","fv0064","fv0070"
"Requirement|REQ","Technical",364,False,False,,"fv0700","fv0023","fv1081","fv1462","fv1843","517","fv0037","fv0064","fv0070"
"Requirement|REQ","Technical",365,False,False,,"fv0701","fv0023","fv1082","fv1463","fv1844","519","fv0037","fv0066","fv0071"
"Requirement|REQ","Technical",366,False,False,,"fv0702","fv0023","fv1083","fv1464","fv1845","671","fv0037","fv0066","fv0070"
"Requirement|REQ","Technical",367,False,False,,"fv0703","fv0023","fv1084","fv1465","fv1846","716","fv0037","fv0066","fv0070"
"Requirement|REQ","Technical",368,False,False,,"fv0704","fv0023","fv1085","fv1466","fv1847","717","fv0037","fv0066","fv0070"
"Requirement|REQ","Technical",369,False,False,,"fv0705","fv0023","fv1086","fv1467","fv1848","718","fv0037","fv0064","fv0071"
"Requirement|REQ","Technical",370,False,False,,"fv0706","fv0023","fv1087","fv1468","fv1849","719","fv0037","fv0066","fv0070"
"Requirement|REQ","Technical",371,False,False,,"fv0707","fv0023","fv1088","fv1469","fv1850","720","fv0037","fv0066","fv0070"
"Requirement|REQ","Technical",372,False,False,,"fv0708","fv0023","fv1089","fv1470","fv1851","721","fv0037","fv0064","fv0071"
"Requirement|REQ","Technical",373,False,False,,"fv0709","fv0023","fv1090","fv1471","fv1852","722","fv0037","fv0065","fv0070"
"Requirement|REQ","Technical",374,False,False,,"fv0710","fv0023","fv1091","fv1472","fv1853","723","fv0037","fv0066","fv0070"
"Requirement|REQ","Technical",375,False,False,,"fv0711","fv0023","fv1092","fv1473","fv1854","724","fv0037","fv0067","fv0070"
"Requirement|REQ","Technical",376,False,False,,"fv0712","fv0023","fv1093","fv1474","fv1855","725","fv0037","fv0067","fv0071"
"Requirement|REQ","Technical",377,False,False,,"fv0713","fv0023","fv1094","fv1475","fv1856","726","fv0037","fv0067","fv0071"
"Requirement|REQ","Technical",378,False,False,,"fv0714","fv0023","fv1095","fv1476","fv1857","727","fv0037","fv0067","fv0070"
"Requirement|REQ","Technical",379,False,False,,"fv0715","fv0023","fv1096","fv1477","fv1858","728","fv0037","fv0065","fv0071"
"Requirement|REQ","Technical",380,False,False,,"fv0716","fv0023","fv1097","fv1478","fv1859","729","fv0037","fv0064","fv0071"
